{"cameraMode":{"drawMode":0,"name":"Shaded","section":"Shading Mode"},"sceneLighting":true,"audioPlay":false,"sceneViewState":{"showFog":true,"showMaterialUpdate":false,"showSkybox":true,"showFlares":true,"showImageEffects":true,"showParticleSystems":true},"in2DMode":false,"pivot":{"x":1.3408055305480958,"y":-1.5087209939956666,"z":6.153497695922852},"rotation":{"x":0.13206835091114045,"y":0.42034870386123659,"z":-0.060637108981609347,"w":0.895853579044342},"size":9.722389221191407,"orthographic":false}