{"cameraMode":{"drawMode":0,"name":"Shaded","section":"Shading Mode"},"sceneLighting":true,"audioPlay":false,"sceneViewState":{"showFog":true,"showMaterialUpdate":false,"showSkybox":false,"showFlares":true,"showImageEffects":true,"showParticleSystems":true},"in2DMode":false,"pivot":{"x":-6.0,"y":47.881797790527347,"z":1.1999969482421876},"rotation":{"x":0.37188076972961428,"y":-0.11667782068252564,"z":0.048020705580711368,"w":0.919809103012085},"size":562.7909545898438,"orthographic":false}