{"cameraMode":{"drawMode":0,"name":"Shaded","section":"Shading Mode"},"sceneLighting":false,"audioPlay":false,"sceneViewState":{"showFog":true,"showMaterialUpdate":false,"showSkybox":false,"showFlares":true,"showImageEffects":true,"showParticleSystems":true},"in2DMode":false,"pivot":{"x":20.570068359375,"y":-1.3538703918457032,"z":10.44000244140625},"rotation":{"x":-0.34553197026252749,"y":-0.6333070397377014,"z":0.3758872449398041,"w":-0.581699788570404},"size":306.03509521484377,"orthographic":false}