{"cameraMode":{"drawMode":0,"name":"Shaded","section":"Shading Mode"},"sceneLighting":true,"audioPlay":false,"sceneViewState":{"showFog":true,"showMaterialUpdate":false,"showSkybox":true,"showFlares":true,"showImageEffects":true,"showParticleSystems":true},"in2DMode":false,"pivot":{"x":11.174797058105469,"y":0.6352491974830627,"z":-3.8871161937713625},"rotation":{"x":0.05336713418364525,"y":0.8440885543823242,"z":-0.527130126953125,"w":0.08410366624593735},"size":8.905294418334961,"orthographic":false}