{"cameraMode":{"drawMode":0,"name":"Shaded","section":"Shading Mode"},"sceneLighting":true,"audioPlay":false,"sceneViewState":{"showFog":true,"showMaterialUpdate":false,"showSkybox":true,"showFlares":true,"showImageEffects":true,"showParticleSystems":true},"in2DMode":false,"pivot":{"x":12.884445190429688,"y":0.47286391258239748,"z":-3.8843750953674318},"rotation":{"x":0.06733103841543198,"y":0.9224035143852234,"z":-0.33321085572242739,"w":0.18408146500587464},"size":25.611215591430665,"orthographic":false}