{"cameraMode":{"drawMode":0,"name":"Shaded","section":"Shading Mode"},"sceneLighting":true,"audioPlay":false,"sceneViewState":{"showFog":true,"showMaterialUpdate":false,"showSkybox":true,"showFlares":true,"showImageEffects":true,"showParticleSystems":true},"in2DMode":false,"pivot":{"x":0.7930022478103638,"y":0.17096254229545594,"z":6.924554347991943},"rotation":{"x":-0.16302268207073213,"y":0.30922672152519228,"z":-0.05475519597530365,"w":-0.9354375004768372},"size":12.927353858947754,"orthographic":false}