{"cameraMode":{"drawMode":0,"name":"Shaded","section":"Shading Mode"},"sceneLighting":true,"audioPlay":false,"sceneViewState":{"showFog":true,"showMaterialUpdate":false,"showSkybox":false,"showFlares":true,"showImageEffects":true,"showParticleSystems":true},"in2DMode":false,"pivot":{"x":4.106910228729248,"y":0.23113441467285157,"z":-6.638395309448242},"rotation":{"x":0.26262563467025759,"y":-0.2725869417190552,"z":0.07915730029344559,"w":0.9223796129226685},"size":5.270869731903076,"orthographic":false}