{"cameraMode":{"drawMode":0,"name":"Shaded","section":"Shading Mode"},"sceneLighting":false,"audioPlay":false,"sceneViewState":{"showFog":true,"showMaterialUpdate":false,"showSkybox":false,"showFlares":true,"showImageEffects":true,"showParticleSystems":true},"in2DMode":false,"pivot":{"x":11.428424835205079,"y":-4.166299343109131,"z":-12.582027435302735},"rotation":{"x":-0.0161295048892498,"y":-0.972295880317688,"z":0.2243203967809677,"w":-0.06568071246147156},"size":24.071163177490236,"orthographic":false}