{"cameraMode":{"drawMode":0,"name":"Shaded","section":"Shading Mode"},"sceneLighting":true,"audioPlay":false,"sceneViewState":{"showFog":true,"showMaterialUpdate":false,"showSkybox":true,"showFlares":true,"showImageEffects":true,"showParticleSystems":true},"in2DMode":false,"pivot":{"x":0.8995850086212158,"y":4.406284332275391,"z":8.954019546508789},"rotation":{"x":-0.4063490629196167,"y":-0.31587865948677065,"z":0.15217992663383485,"w":-0.8438161015510559},"size":-6.063440322875977,"orthographic":false}